Surname;Name;SamAccountName;DisplayName;Description;Company;Department;EmailAdress;OfficePhone;OrganizationalUnit
Chung;Chung Kristina;ch.kristina;Chung Kristina;Direction;Infotech;Direction;KristinaChung@Infotech.local;100;Utilisateur
Chen;Chen Paige;ch.paige;Chen Paige;Direction;Infotech;Direction;PaigeChen@Infotech.local;101;Utilisateur
Melton;Melton Sherri;me.sherri;Melton Sherri;Direction;Infotech;Direction;SherriMelton@Infotech.local;102;Utilisateur
Hill;Hill Gretchen;hi.gretchen;Hill Gretchen;Direction;Infotech;Direction;GretchenHill@Infotech.local;103;Utilisateur
Puckett;Puckett Karen;pu.karen;Puckett Karen;Direction;Infotech;Direction;KarenPuckett@Infotech.local;104;Utilisateur
Song;Song Patrick;so.patrick;Song Patrick;Direction;Infotech;Direction;PatrickSong@Infotech.local;105;Utilisateur
Hamilton;Hamilton Elsie;ha.elsie;Hamilton Elsie;Direction;Infotech;Direction;ElsieHamilton@Infotech.local;106;Utilisateur
Bender;Bender Hazel;be.hazel;Bender Hazel;Direction;Infotech;Direction;HazelBender@Infotech.local;107;Utilisateur
Wagner;Wagner Malcolm;wa.malcolm;Wagner Malcolm;Comptable;Infotech;Comptable;MalcolmWagner@Infotech.local;108;Utilisateur
McLaughlin;McLaughlin Dolores;mc.dolores;McLaughlin Dolores;Comptable;Infotech;Comptable;DoloresMcLaughlin@Infotech.local;109;Utilisateur
McNamara;McNamara Francis;mc.francis;McNamara Francis;Comptable;Infotech;Comptable;FrancisMcNamara@Infotech.local;110;Utilisateur
Raynor;Raynor Sandy;ra.sandy;Raynor Sandy;Comptable;Infotech;Comptable;SandyRaynor@Infotech.local;111;Utilisateur
Moon;Moon Marion;mo.marion;Moon Marion;Comptable;Infotech;Comptable;MarionMoon@Infotech.local;112;Utilisateur
Woodard;Woodard Beth;wo.beth;Woodard Beth;Comptable;Infotech;Comptable;BethWoodard@Infotech.local;113;Utilisateur
Desai;Desai Julia;de.julia;Desai Julia;Comptable;Infotech;Comptable;JuliaDesai@Infotech.local;114;Utilisateur
Wallace;Wallace Jerome;wa.jerome;Wallace Jerome;Comptable;Infotech;Comptable;JeromeWallace@Infotech.local;115;Utilisateur
Lawrence;Lawrence Neal;la.neal;Lawrence Neal;Comptable;Infotech;Comptable;NealLawrence@Infotech.local;116;Utilisateur
Griffin;Griffin Jean;gr.jean;Griffin Jean;Comptable;Infotech;Comptable;JeanGriffin@Infotech.local;117;Utilisateur
Dougherty;Dougherty Kristine;do.kristine;Dougherty Kristine;Comptable;Infotech;Comptable;KristineDougherty@Infotech.local;118;Utilisateur
Powers;Powers Crystal;po.crystal;Powers Crystal;Comptable;Infotech;Comptable;CrystalPowers@Infotech.local;119;Utilisateur
May;May Alex;ma.alex;May Alex;Comptable;Infotech;Comptable;AlexMay@Infotech.local;120;Utilisateur
Steele;Steele Eric;st.eric;Steele Eric;Comptable;Infotech;Comptable;EricSteele@Infotech.local;121;Utilisateur
Teague;Teague Wesley;te.wesley;Teague Wesley;Comptable;Infotech;Comptable;WesleyTeague@Infotech.local;122;Utilisateur
Vick;Vick Franklin;vi.franklin;Vick Franklin;Comptable;Infotech;Comptable;FranklinVick@Infotech.local;123;Utilisateur
Gallagher;Gallagher Claire;ga.claire;Gallagher Claire;Comptable;Infotech;Comptable;ClaireGallagher@Infotech.local;124;Utilisateur
Solomon;Solomon Marian;so.marian;Solomon Marian;Comptable;Infotech;Comptable;MarianSolomon@Infotech.local;125;Utilisateur
Walsh;Walsh Marcia;wa.marcia;Walsh Marcia;Comptable;Infotech;Comptable;MarciaWalsh@Infotech.local;126;Utilisateur
Monroe;Monroe Dwight;mo.dwight;Monroe Dwight;Comptable;Infotech;Comptable;DwightMonroe@Infotech.local;127;Utilisateur
Connolly;Connolly Wayne;co.wayne;Connolly Wayne;Comptable;Infotech;Comptable;WayneConnolly@Infotech.local;128;Utilisateur
Hawkins;Hawkins Stephanie;ha.stephanie;Hawkins Stephanie;Comptable;Infotech;Comptable;StephanieHawkins@Infotech.local;129;Utilisateur
Middleton;Middleton Neal;mi.neal;Middleton Neal;Comptable;Infotech;Comptable;NealMiddleton@Infotech.local;130;Utilisateur
Goldstein;Goldstein Gretchen;go.gretchen;Goldstein Gretchen;Comptable;Infotech;Comptable;GretchenGoldstein@Infotech.local;131;Utilisateur
Watts;Watts Tim;wa.tim;Watts Tim;Comptable;Infotech;Comptable;TimWatts@Infotech.local;132;Utilisateur
Johnston;Johnston Jerome;jo.jerome;Johnston Jerome;Comptable;Infotech;Comptable;JeromeJohnston@Infotech.local;133;Utilisateur
Weeks;Weeks Shelley;we.shelley;Weeks Shelley;Comptable;Infotech;Comptable;ShelleyWeeks@Infotech.local;134;Utilisateur
Wilkerson;Wilkerson Priscilla;wi.priscilla;Wilkerson Priscilla;Comptable;Infotech;Comptable;PriscillaWilkerson@Infotech.local;135;Utilisateur
Barton;Barton Elsie;ba.elsie;Barton Elsie;Comptable;Infotech;Comptable;ElsieBarton@Infotech.local;136;Utilisateur
Walton;Walton Beth;wa.beth;Walton Beth;Comptable;Infotech;Comptable;BethWalton@Infotech.local;137;Utilisateur
Hall;Hall Erica;ha.erica;Hall Erica;Comptable;Infotech;Comptable;EricaHall@Infotech.local;138;Utilisateur
Ross;Ross Douglas;ro.douglas;Ross Douglas;Comptable;Infotech;Comptable;DouglasRoss@Infotech.local;139;Utilisateur
Chung;Chung Donald;ch.donald;Chung Donald;Comptable;Infotech;Comptable;DonaldChung@Infotech.local;140;Utilisateur
Bender;Bender Katherine;be.katherine;Bender Katherine;Comptable;Infotech;Comptable;KatherineBender@Infotech.local;141;Utilisateur
Woods;Woods Paul;wo.paul;Woods Paul;Comptable;Infotech;Comptable;PaulWoods@Infotech.local;142;Utilisateur
Mangum;Mangum Patricia;ma.patricia;Mangum Patricia;Comptable;Infotech;Comptable;PatriciaMangum@Infotech.local;143;Utilisateur
Joseph;Joseph Lois;jo.lois;Joseph Lois;Comptable;Infotech;Comptable;LoisJoseph@Infotech.local;144;Utilisateur
Rosenthal;Rosenthal Louis;ro.louis;Rosenthal Louis;Comptable;Infotech;Comptable;LouisRosenthal@Infotech.local;145;Utilisateur
Bowden;Bowden Christina;bo.christina;Bowden Christina;Comptable;Infotech;Comptable;ChristinaBowden@Infotech.local;146;Utilisateur
Barton;Barton Darlene;ba.darlene;Barton Darlene;Comptable;Infotech;Comptable;DarleneBarton@Infotech.local;147;Utilisateur
Underwood;Underwood Harvey;un.harvey;Underwood Harvey;Comptable;Infotech;Comptable;HarveyUnderwood@Infotech.local;148;Utilisateur
Jones;Jones William;jo.william;Jones William;Comptable;Infotech;Comptable;WilliamJones@Infotech.local;149;Utilisateur
Baker;Baker Frederick;ba.frederick;Baker Frederick;Comptable;Infotech;Comptable;FrederickBaker@Infotech.local;150;Utilisateur
Merritt;Merritt Shirley;me.shirley;Merritt Shirley;Comptable;Infotech;Comptable;ShirleyMerritt@Infotech.local;151;Utilisateur
Cross;Cross Jason;cr.jason;Cross Jason;Comptable;Infotech;Comptable;JasonCross@Infotech.local;152;Utilisateur
Cooper;Cooper Judith;co.judith;Cooper Judith;Comptable;Infotech;Comptable;JudithCooper@Infotech.local;153;Utilisateur
Holmes;Holmes Gretchen;ho.gretchen;Holmes Gretchen;Comptable;Infotech;Comptable;GretchenHolmes@Infotech.local;154;Utilisateur
Sharpe;Sharpe Don;sh.don;Sharpe Don;Comptable;Infotech;Comptable;DonSharpe@Infotech.local;155;Utilisateur
Morgan;Morgan Glenda;mo.glenda;Morgan Glenda;Comptable;Infotech;Comptable;GlendaMorgan@Infotech.local;156;Utilisateur
Hoyle;Hoyle Scott;ho.scott;Hoyle Scott;Comptable;Infotech;Comptable;ScottHoyle@Infotech.local;157;Utilisateur
Allen;Allen Pat;al.pat;Allen Pat;Comptable;Infotech;Comptable;PatAllen@Infotech.local;158;Utilisateur
Rich;Rich Michelle;ri.michelle;Rich Michelle;Comptable;Infotech;Comptable;MichelleRich@Infotech.local;159;Utilisateur
Rich;Rich Jessica;ri.jessica;Rich Jessica;Comptable;Infotech;Comptable;JessicaRich@Infotech.local;160;Utilisateur
Grant;Grant Evan;gr.evan;Grant Evan;Comptable;Infotech;Comptable;EvanGrant@Infotech.local;161;Utilisateur
Proctor;Proctor Melinda;pr.melinda;Proctor Melinda;Comptable;Infotech;Comptable;MelindaProctor@Infotech.local;162;Utilisateur
Diaz;Diaz Calvin;di.calvin;Diaz Calvin;Comptable;Infotech;Comptable;CalvinDiaz@Infotech.local;163;Utilisateur
Graham;Graham Eugene;gr.eugene;Graham Eugene;Comptable;Infotech;Comptable;EugeneGraham@Infotech.local;164;Utilisateur
Watkins;Watkins Vickie;wa.vickie;Watkins Vickie;Comptable;Infotech;Comptable;VickieWatkins@Infotech.local;165;Utilisateur
Hinton;Hinton Luis;hi.luis;Hinton Luis;Comptable;Infotech;Comptable;LuisHinton@Infotech.local;166;Utilisateur
Marsh;Marsh Allan;ma.allan;Marsh Allan;Comptable;Infotech;Comptable;AllanMarsh@Infotech.local;167;Utilisateur
Hewitt;Hewitt Melanie;he.melanie;Hewitt Melanie;Comptable;Infotech;Comptable;MelanieHewitt@Infotech.local;168;Utilisateur
Branch;Branch Marianne;br.marianne;Branch Marianne;Comptable;Infotech;Comptable;MarianneBranch@Infotech.local;169;Utilisateur
Walton;Walton Natalie;wa.natalie;Walton Natalie;Ressources Humaines;Infotech;Ressources Humaines;NatalieWalton@Infotech.local;170;Utilisateur
O'Brien;O'Brien Caroline;o'.caroline;O'Brien Caroline;Ressources Humaines;Infotech;Ressources Humaines;CarolineO'Brien@Infotech.local;171;Utilisateur
Case;Case Arlene;ca.arlene;Case Arlene;Ressources Humaines;Infotech;Ressources Humaines;ArleneCase@Infotech.local;172;Utilisateur
Watts;Watts Kyle;wa.kyle;Watts Kyle;Ressources Humaines;Infotech;Ressources Humaines;KyleWatts@Infotech.local;173;Utilisateur
Christensen;Christensen Calvin;ch.calvin;Christensen Calvin;Ressources Humaines;Infotech;Ressources Humaines;CalvinChristensen@Infotech.local;174;Utilisateur
Parks;Parks Gary;pa.gary;Parks Gary;Ressources Humaines;Infotech;Ressources Humaines;GaryParks@Infotech.local;175;Utilisateur
Hardin;Hardin Samantha;ha.samantha;Hardin Samantha;Ressources Humaines;Infotech;Ressources Humaines;SamanthaHardin@Infotech.local;176;Utilisateur
Lucas;Lucas Sara;lu.sara;Lucas Sara;Ressources Humaines;Infotech;Ressources Humaines;SaraLucas@Infotech.local;177;Utilisateur
Eason;Eason Stacy;ea.stacy;Eason Stacy;Ressources Humaines;Infotech;Ressources Humaines;StacyEason@Infotech.local;178;Utilisateur
Davidson;Davidson Gladys;da.gladys;Davidson Gladys;Ressources Humaines;Infotech;Ressources Humaines;GladysDavidson@Infotech.local;179;Utilisateur
Whitehead;Whitehead Mike;wh.mike;Whitehead Mike;Ressources Humaines;Infotech;Ressources Humaines;MikeWhitehead@Infotech.local;180;Utilisateur
Rose;Rose Lynne;ro.lynne;Rose Lynne;Ressources Humaines;Infotech;Ressources Humaines;LynneRose@Infotech.local;181;Utilisateur
Sparks;Sparks Faye;sp.faye;Sparks Faye;Ressources Humaines;Infotech;Ressources Humaines;FayeSparks@Infotech.local;182;Utilisateur
Moore;Moore Diana;mo.diana;Moore Diana;Ressources Humaines;Infotech;Ressources Humaines;DianaMoore@Infotech.local;183;Utilisateur
Pearson;Pearson Leon;pe.leon;Pearson Leon;Ressources Humaines;Infotech;Ressources Humaines;LeonPearson@Infotech.local;184;Utilisateur
Rodgers;Rodgers Ethel;ro.ethel;Rodgers Ethel;Ressources Humaines;Infotech;Ressources Humaines;EthelRodgers@Infotech.local;185;Utilisateur
Graves;Graves Steve;gr.steve;Graves Steve;Ressources Humaines;Infotech;Ressources Humaines;SteveGraves@Infotech.local;186;Utilisateur
Scarborough;Scarborough Alison;sc.alison;Scarborough Alison;Ressources Humaines;Infotech;Ressources Humaines;AlisonScarborough@Infotech.local;187;Utilisateur
Sutton;Sutton Sherri;su.sherri;Sutton Sherri;Ressources Humaines;Infotech;Ressources Humaines;SherriSutton@Infotech.local;188;Utilisateur
Sinclair;Sinclair Patsy;si.patsy;Sinclair Patsy;Ressources Humaines;Infotech;Ressources Humaines;PatsySinclair@Infotech.local;189;Utilisateur
Bowman;Bowman Kelly;bo.kelly;Bowman Kelly;Ressources Humaines;Infotech;Ressources Humaines;KellyBowman@Infotech.local;190;Utilisateur
Olsen;Olsen Stacy;ol.stacy;Olsen Stacy;Ressources Humaines;Infotech;Ressources Humaines;StacyOlsen@Infotech.local;191;Utilisateur
Love;Love Curtis;lo.curtis;Love Curtis;Ressources Humaines;Infotech;Ressources Humaines;CurtisLove@Infotech.local;192;Utilisateur
McLean;McLean Dana;mc.dana;McLean Dana;Ressources Humaines;Infotech;Ressources Humaines;DanaMcLean@Infotech.local;193;Utilisateur
Christian;Christian Jennifer;ch.jennifer;Christian Jennifer;Ressources Humaines;Infotech;Ressources Humaines;JenniferChristian@Infotech.local;194;Utilisateur
Lamb;Lamb Brett;la.brett;Lamb Brett;Ressources Humaines;Infotech;Ressources Humaines;BrettLamb@Infotech.local;195;Utilisateur
James;James Brandon;ja.brandon;James Brandon;Ressources Humaines;Infotech;Ressources Humaines;BrandonJames@Infotech.local;196;Utilisateur
Chandler;Chandler Keith;ch.keith;Chandler Keith;Ressources Humaines;Infotech;Ressources Humaines;KeithChandler@Infotech.local;197;Utilisateur
Stout;Stout Joann;st.joann;Stout Joann;Ressources Humaines;Infotech;Ressources Humaines;JoannStout@Infotech.local;198;Utilisateur
Cowan;Cowan Ronnie;co.ronnie;Cowan Ronnie;Ressources Humaines;Infotech;Ressources Humaines;RonnieCowan@Infotech.local;199;Utilisateur
Golden;Golden Scott;go.scott;Golden Scott;Ressources Humaines;Infotech;Ressources Humaines;ScottGolden@Infotech.local;200;Utilisateur
Bowling;Bowling Gene;bo.gene;Bowling Gene;Ressources Humaines;Infotech;Ressources Humaines;GeneBowling@Infotech.local;201;Utilisateur
Beasley;Beasley Louise;be.louise;Beasley Louise;Ressources Humaines;Infotech;Ressources Humaines;LouiseBeasley@Infotech.local;202;Utilisateur
Clapp;Clapp Geoffrey;cl.geoffrey;Clapp Geoffrey;Ressources Humaines;Infotech;Ressources Humaines;GeoffreyClapp@Infotech.local;203;Utilisateur
Abrams;Abrams Patricia;ab.patricia;Abrams Patricia;Ressources Humaines;Infotech;Ressources Humaines;PatriciaAbrams@Infotech.local;204;Utilisateur
Tilley;Tilley Jennifer;ti.jennifer;Tilley Jennifer;Tech;Infotech;Tech;JenniferTilley@Infotech.local;205;Utilisateur
Morse;Morse Mary;mo.mary;Morse Mary;Tech;Infotech;Tech;MaryMorse@Infotech.local;206;Utilisateur
Boykin;Boykin Shawn;bo.shawn;Boykin Shawn;Tech;Infotech;Tech;ShawnBoykin@Infotech.local;207;Utilisateur
Sumner;Sumner Vincent;su.vincent;Sumner Vincent;Tech;Infotech;Tech;VincentSumner@Infotech.local;208;Utilisateur
Cassidy;Cassidy Kurt;ca.kurt;Cassidy Kurt;Tech;Infotech;Tech;KurtCassidy@Infotech.local;209;Utilisateur
Davidson;Davidson Danny;da.danny;Davidson Danny;Tech;Infotech;Tech;DannyDavidson@Infotech.local;210;Utilisateur
Heath;Heath Charlene;he.charlene;Heath Charlene;Tech;Infotech;Tech;CharleneHeath@Infotech.local;211;Utilisateur
Blanchard;Blanchard Alice;bl.alice;Blanchard Alice;Tech;Infotech;Tech;AliceBlanchard@Infotech.local;212;Utilisateur
McAllister;McAllister Joan;mc.joan;McAllister Joan;Tech;Infotech;Tech;JoanMcAllister@Infotech.local;213;Utilisateur
McKenzie;McKenzie Betty;mc.betty;McKenzie Betty;Tech;Infotech;Tech;BettyMcKenzie@Infotech.local;214;Utilisateur
Byrne;Byrne Danny;by.danny;Byrne Danny;Tech;Infotech;Tech;DannyByrne@Infotech.local;215;Utilisateur
Schroeder;Schroeder Peggy;sc.peggy;Schroeder Peggy;Tech;Infotech;Tech;PeggySchroeder@Infotech.local;216;Utilisateur
Griffin;Griffin Leslie;gr.leslie;Griffin Leslie;Tech;Infotech;Tech;LeslieGriffin@Infotech.local;217;Utilisateur
Gross;Gross Marshall;gr.marshall;Gross Marshall;Tech;Infotech;Tech;MarshallGross@Infotech.local;218;Utilisateur
Perkins;Perkins Sara;pe.sara;Perkins Sara;Tech;Infotech;Tech;SaraPerkins@Infotech.local;219;Utilisateur
Robertson;Robertson Martha;ro.martha;Robertson Martha;Tech;Infotech;Tech;MarthaRobertson@Infotech.local;220;Utilisateur
Palmer;Palmer Jack;pa.jack;Palmer Jack;Tech;Infotech;Tech;JackPalmer@Infotech.local;221;Utilisateur
Brady;Brady Gayle;br.gayle;Brady Gayle;Tech;Infotech;Tech;GayleBrady@Infotech.local;222;Utilisateur
Rowe;Rowe Benjamin;ro.benjamin;Rowe Benjamin;Tech;Infotech;Tech;BenjaminRowe@Infotech.local;223;Utilisateur
Zhang;Zhang Roberta;zh.roberta;Zhang Roberta;Tech;Infotech;Tech;RobertaZhang@Infotech.local;224;Utilisateur
Hodge;Hodge Patricia;ho.patricia;Hodge Patricia;Tech;Infotech;Tech;PatriciaHodge@Infotech.local;225;Utilisateur
Li;Li Clifford;li.clifford;Li Clifford;Tech;Infotech;Tech;CliffordLi@Infotech.local;226;Utilisateur
Bowling;Bowling Joanne;bo.joanne;Bowling Joanne;Tech;Infotech;Tech;JoanneBowling@Infotech.local;227;Utilisateur
Justice;Justice Martin;ju.martin;Justice Martin;Tech;Infotech;Tech;MartinJustice@Infotech.local;228;Utilisateur
Glass;Glass Toni;gl.toni;Glass Toni;Tech;Infotech;Tech;ToniGlass@Infotech.local;229;Utilisateur
Willis;Willis Beth;wi.beth;Willis Beth;Tech;Infotech;Tech;BethWillis@Infotech.local;230;Utilisateur
Hester;Hester Jessica;he.jessica;Hester Jessica;Tech;Infotech;Tech;JessicaHester@Infotech.local;231;Utilisateur
Floyd;Floyd Samantha;fl.samantha;Floyd Samantha;Tech;Infotech;Tech;SamanthaFloyd@Infotech.local;232;Utilisateur
Graves;Graves Jimmy;gr.jimmy;Graves Jimmy;Tech;Infotech;Tech;JimmyGraves@Infotech.local;233;Utilisateur
Fischer;Fischer Vincent;fi.vincent;Fischer Vincent;Tech;Infotech;Tech;VincentFischer@Infotech.local;234;Utilisateur
Norman;Norman Dianne;no.dianne;Norman Dianne;Tech;Infotech;Tech;DianneNorman@Infotech.local;235;Utilisateur
Chan;Chan Rhonda;ch.rhonda;Chan Rhonda;Tech;Infotech;Tech;RhondaChan@Infotech.local;236;Utilisateur
Hunt;Hunt Tamara;hu.tamara;Hunt Tamara;Tech;Infotech;Tech;TamaraHunt@Infotech.local;237;Utilisateur
Byrd;Byrd Mary;by.mary;Byrd Mary;Tech;Infotech;Tech;MaryByrd@Infotech.local;238;Utilisateur
Lane;Lane Sidney;la.sidney;Lane Sidney;Tech;Infotech;Tech;SidneyLane@Infotech.local;239;Utilisateur
Kaplan;Kaplan Jeff;ka.jeff;Kaplan Jeff;Tech;Infotech;Tech;JeffKaplan@Infotech.local;240;Utilisateur
Heller;Heller Sandra;he.sandra;Heller Sandra;Tech;Infotech;Tech;SandraHeller@Infotech.local;241;Utilisateur
May;May Katie;ma.katie;May Katie;Tech;Infotech;Tech;KatieMay@Infotech.local;242;Utilisateur
Jennings;Jennings Raymond;je.raymond;Jennings Raymond;Tech;Infotech;Tech;RaymondJennings@Infotech.local;243;Utilisateur
Hanna;Hanna Roger;ha.roger;Hanna Roger;Tech;Infotech;Tech;RogerHanna@Infotech.local;244;Utilisateur
Locklear;Locklear Natalie;lo.natalie;Locklear Natalie;Tech;Infotech;Tech;NatalieLocklear@Infotech.local;245;Utilisateur
Holloway;Holloway Kathy;ho.kathy;Holloway Kathy;Tech;Infotech;Tech;KathyHolloway@Infotech.local;246;Utilisateur
Jones;Jones Troy;jo.troy;Jones Troy;Tech;Infotech;Tech;TroyJones@Infotech.local;247;Utilisateur
Glover;Glover Neal;gl.neal;Glover Neal;Tech;Infotech;Tech;NealGlover@Infotech.local;248;Utilisateur
Vick;Vick Martin;vi.martin;Vick Martin;Direction;Infotech;Direction;MartinVick@Infotech.local;249;Utilisateur
O'Donnell;O'Donnell Jack;o'.jack;O'Donnell Jack;Direction;Infotech;Direction;JackO'Donnell@Infotech.local;250;Utilisateur
Goldman;Goldman Vincent;go.vincent;Goldman Vincent;Direction;Infotech;Direction;VincentGoldman@Infotech.local;251;Utilisateur
McKenna;McKenna Beth;mc.beth;McKenna Beth;Direction;Infotech;Direction;BethMcKenna@Infotech.local;252;Utilisateur
Starr;Starr Milton;st.milton;Starr Milton;Direction;Infotech;Direction;MiltonStarr@Infotech.local;253;Utilisateur
Stone;Stone Tamara;st.tamara;Stone Tamara;Direction;Infotech;Direction;TamaraStone@Infotech.local;254;Utilisateur
McClure;McClure Mitchell;mc.mitchell;McClure Mitchell;Direction;Infotech;Direction;MitchellMcClure@Infotech.local;255;Utilisateur
Watson;Watson Franklin;wa.franklin;Watson Franklin;Direction;Infotech;Direction;FranklinWatson@Infotech.local;256;Utilisateur
Monroe;Monroe Leroy;mo.leroy;Monroe Leroy;Comptable;Infotech;Comptable;LeroyMonroe@Infotech.local;257;Utilisateur
Abbott;Abbott Glen;ab.glen;Abbott Glen;Comptable;Infotech;Comptable;GlenAbbott@Infotech.local;258;Utilisateur
Singer;Singer Judith;si.judith;Singer Judith;Comptable;Infotech;Comptable;JudithSinger@Infotech.local;259;Utilisateur
Hall;Hall Alice;ha.alice;Hall Alice;Comptable;Infotech;Comptable;AliceHall@Infotech.local;260;Utilisateur
Farrell;Farrell Bruce;fa.bruce;Farrell Bruce;Comptable;Infotech;Comptable;BruceFarrell@Infotech.local;261;Utilisateur
Lucas;Lucas Kathleen;lu.kathleen;Lucas Kathleen;Comptable;Infotech;Comptable;KathleenLucas@Infotech.local;262;Utilisateur
Norman;Norman Amy;no.amy;Norman Amy;Comptable;Infotech;Comptable;AmyNorman@Infotech.local;263;Utilisateur
Atkins;Atkins Ronnie;at.ronnie;Atkins Ronnie;Comptable;Infotech;Comptable;RonnieAtkins@Infotech.local;264;Utilisateur
Monroe;Monroe Martha;mo.martha;Monroe Martha;Comptable;Infotech;Comptable;MarthaMonroe@Infotech.local;265;Utilisateur
Robertson;Robertson Lynn;ro.lynn;Robertson Lynn;Comptable;Infotech;Comptable;LynnRobertson@Infotech.local;266;Utilisateur
Sykes;Sykes Jose;sy.jose;Sykes Jose;Comptable;Infotech;Comptable;JoseSykes@Infotech.local;267;Utilisateur
Reid;Reid Robert;re.robert;Reid Robert;Comptable;Infotech;Comptable;RobertReid@Infotech.local;268;Utilisateur
Chandler;Chandler Pauline;ch.pauline;Chandler Pauline;Comptable;Infotech;Comptable;PaulineChandler@Infotech.local;269;Utilisateur
Finch;Finch Stephen;fi.stephen;Finch Stephen;Comptable;Infotech;Comptable;StephenFinch@Infotech.local;270;Utilisateur
Hobbs;Hobbs Peggy;ho.peggy;Hobbs Peggy;Comptable;Infotech;Comptable;PeggyHobbs@Infotech.local;271;Utilisateur
Adkins;Adkins Donna;ad.donna;Adkins Donna;Direction;Infotech;Direction;DonnaAdkins@Infotech.local;272;Utilisateur
Kinney;Kinney Doris;ki.doris;Kinney Doris;Direction;Infotech;Direction;DorisKinney@Infotech.local;273;Utilisateur
Whitaker;Whitaker Ben;wh.ben;Whitaker Ben;Direction;Infotech;Direction;BenWhitaker@Infotech.local;274;Utilisateur
Alexander;Alexander Kristin;al.kristin;Alexander Kristin;Direction;Infotech;Direction;KristinAlexander@Infotech.local;275;Utilisateur
Conner;Conner Ryan;co.ryan;Conner Ryan;Direction;Infotech;Direction;RyanConner@Infotech.local;276;Utilisateur
Waters;Waters Tracey;wa.tracey;Waters Tracey;Direction;Infotech;Direction;TraceyWaters@Infotech.local;277;Utilisateur
Becker;Becker Mark;be.mark;Becker Mark;Direction;Infotech;Direction;MarkBecker@Infotech.local;278;Utilisateur
Rollins;Rollins Louis;ro.louis;Rollins Louis;Direction;Infotech;Direction;LouisRollins@Infotech.local;279;Utilisateur
Love;Love Janet;lo.janet;Love Janet;Direction;Infotech;Direction;JanetLove@Infotech.local;280;Utilisateur
Adkins;Adkins Leo;ad.leo;Adkins Leo;Direction;Infotech;Direction;LeoAdkins@Infotech.local;281;Utilisateur
Black;Black Constance;bl.constance;Black Constance;Direction;Infotech;Direction;ConstanceBlack@Infotech.local;282;Utilisateur
Fox;Fox Sarah;fo.sarah;Fox Sarah;Direction;Infotech;Direction;SarahFox@Infotech.local;283;Utilisateur
Hatcher;Hatcher Gladys;ha.gladys;Hatcher Gladys;Direction;Infotech;Direction;GladysHatcher@Infotech.local;284;Utilisateur
Wu;Wu Hazel;wu.hazel;Wu Hazel;Direction;Infotech;Direction;HazelWu@Infotech.local;285;Utilisateur
Lloyd;Lloyd Hazel;ll.hazel;Lloyd Hazel;Direction;Infotech;Direction;HazelLloyd@Infotech.local;286;Utilisateur
Joyce;Joyce Jerome;jo.jerome;Joyce Jerome;Direction;Infotech;Direction;JeromeJoyce@Infotech.local;287;Utilisateur
Welch;Welch Vincent;we.vincent;Welch Vincent;Direction;Infotech;Direction;VincentWelch@Infotech.local;288;Utilisateur
Matthews;Matthews Kim;ma.kim;Matthews Kim;Direction;Infotech;Direction;KimMatthews@Infotech.local;289;Utilisateur
Chappell;Chappell Joseph;ch.joseph;Chappell Joseph;Direction;Infotech;Direction;JosephChappell@Infotech.local;290;Utilisateur
MacDonald;MacDonald Alison;ma.alison;MacDonald Alison;Direction;Infotech;Direction;AlisonMacDonald@Infotech.local;291;Utilisateur
Kane;Kane Eric;ka.eric;Kane Eric;Direction;Infotech;Direction;EricKane@Infotech.local;292;Utilisateur
Butler;Butler Heather;bu.heather;Butler Heather;Direction;Infotech;Direction;HeatherButler@Infotech.local;293;Utilisateur
Pickett;Pickett Claire;pi.claire;Pickett Claire;Comptable;Infotech;Comptable;ClairePickett@Infotech.local;294;Utilisateur
Bowman;Bowman Michele;bo.michele;Bowman Michele;Comptable;Infotech;Comptable;MicheleBowman@Infotech.local;295;Utilisateur
Barton;Barton Terry;ba.terry;Barton Terry;Comptable;Infotech;Comptable;TerryBarton@Infotech.local;296;Utilisateur
Kennedy;Kennedy Ken;ke.ken;Kennedy Ken;Comptable;Infotech;Comptable;KenKennedy@Infotech.local;297;Utilisateur
Branch;Branch Judy;br.judy;Branch Judy;Comptable;Infotech;Comptable;JudyBranch@Infotech.local;298;Utilisateur
Thornton;Thornton Clyde;th.clyde;Thornton Clyde;Comptable;Infotech;Comptable;ClydeThornton@Infotech.local;299;Utilisateur
McNeill;McNeill Timothy;mc.timothy;McNeill Timothy;Comptable;Infotech;Comptable;TimothyMcNeill@Infotech.local;300;Utilisateur
Weinstein;Weinstein Ted;we.ted;Weinstein Ted;Comptable;Infotech;Comptable;TedWeinstein@Infotech.local;301;Utilisateur
Middleton;Middleton Sandra;mi.sandra;Middleton Sandra;Comptable;Infotech;Comptable;SandraMiddleton@Infotech.local;302;Utilisateur
Moss;Moss Billie;mo.billie;Moss Billie;Comptable;Infotech;Comptable;BillieMoss@Infotech.local;303;Utilisateur
Lucas;Lucas Katharine;lu.katharine;Lucas Katharine;Comptable;Infotech;Comptable;KatharineLucas@Infotech.local;304;Utilisateur
Rich;Rich Lester;ri.lester;Rich Lester;Comptable;Infotech;Comptable;LesterRich@Infotech.local;305;Utilisateur
Carlton;Carlton Johnny;ca.johnny;Carlton Johnny;Comptable;Infotech;Comptable;JohnnyCarlton@Infotech.local;306;Utilisateur
Brady;Brady Ashley;br.ashley;Brady Ashley;Comptable;Infotech;Comptable;AshleyBrady@Infotech.local;307;Utilisateur
Schultz;Schultz Lauren;sc.lauren;Schultz Lauren;Comptable;Infotech;Comptable;LaurenSchultz@Infotech.local;308;Utilisateur
Nichols;Nichols Carolyn;ni.carolyn;Nichols Carolyn;Comptable;Infotech;Comptable;CarolynNichols@Infotech.local;309;Utilisateur
Harvey;Harvey Louis;ha.louis;Harvey Louis;Comptable;Infotech;Comptable;LouisHarvey@Infotech.local;310;Utilisateur
Stevenson;Stevenson Charlene;st.charlene;Stevenson Charlene;Comptable;Infotech;Comptable;CharleneStevenson@Infotech.local;311;Utilisateur
Houston;Houston Ashley;ho.ashley;Houston Ashley;Comptable;Infotech;Comptable;AshleyHouston@Infotech.local;312;Utilisateur
Dunn;Dunn Sheryl;du.sheryl;Dunn Sheryl;Comptable;Infotech;Comptable;SherylDunn@Infotech.local;313;Utilisateur
West;West Ben;we.ben;West Ben;Comptable;Infotech;Comptable;BenWest@Infotech.local;314;Utilisateur
O'Brien;O'Brien Linda;o'.linda;O'Brien Linda;Comptable;Infotech;Comptable;LindaO'Brien@Infotech.local;315;Utilisateur
Barr;Barr Sarah;ba.sarah;Barr Sarah;Comptable;Infotech;Comptable;SarahBarr@Infotech.local;316;Utilisateur
Snyder;Snyder Brett;sn.brett;Snyder Brett;Comptable;Infotech;Comptable;BrettSnyder@Infotech.local;317;Utilisateur
Cain;Cain Dana;ca.dana;Cain Dana;Comptable;Infotech;Comptable;DanaCain@Infotech.local;318;Utilisateur
Heath;Heath Rebecca;he.rebecca;Heath Rebecca;Ressources Humaines;Infotech;Ressources Humaines;RebeccaHeath@Infotech.local;319;Utilisateur
Boswell;Boswell Glenda;bo.glenda;Boswell Glenda;Ressources Humaines;Infotech;Ressources Humaines;GlendaBoswell@Infotech.local;320;Utilisateur
Olsen;Olsen Glen;ol.glen;Olsen Glen;Ressources Humaines;Infotech;Ressources Humaines;GlenOlsen@Infotech.local;321;Utilisateur
Pittman;Pittman Don;pi.don;Pittman Don;Ressources Humaines;Infotech;Ressources Humaines;DonPittman@Infotech.local;322;Utilisateur
Weiner;Weiner Gregory;we.gregory;Weiner Gregory;Ressources Humaines;Infotech;Ressources Humaines;GregoryWeiner@Infotech.local;323;Utilisateur
Petersen;Petersen Randy;pe.randy;Petersen Randy;Ressources Humaines;Infotech;Ressources Humaines;RandyPetersen@Infotech.local;324;Utilisateur
Davis;Davis Geraldine;da.geraldine;Davis Geraldine;Ressources Humaines;Infotech;Ressources Humaines;GeraldineDavis@Infotech.local;325;Utilisateur
Coleman;Coleman Edna;co.edna;Coleman Edna;Ressources Humaines;Infotech;Ressources Humaines;EdnaColeman@Infotech.local;326;Utilisateur
Terrell;Terrell Sidney;te.sidney;Terrell Sidney;Ressources Humaines;Infotech;Ressources Humaines;SidneyTerrell@Infotech.local;327;Utilisateur
Norman;Norman Faye;no.faye;Norman Faye;Ressources Humaines;Infotech;Ressources Humaines;FayeNorman@Infotech.local;328;Utilisateur
Burch;Burch Kathy;bu.kathy;Burch Kathy;Ressources Humaines;Infotech;Ressources Humaines;KathyBurch@Infotech.local;329;Utilisateur
Weiner;Weiner Marguerite;we.marguerite;Weiner Marguerite;Ressources Humaines;Infotech;Ressources Humaines;MargueriteWeiner@Infotech.local;330;Utilisateur
Parrott;Parrott Marvin;pa.marvin;Parrott Marvin;Ressources Humaines;Infotech;Ressources Humaines;MarvinParrott@Infotech.local;331;Utilisateur
Henry;Henry Alex;he.alex;Henry Alex;Ressources Humaines;Infotech;Ressources Humaines;AlexHenry@Infotech.local;332;Utilisateur
Gray;Gray Alexander;gr.alexander;Gray Alexander;Ressources Humaines;Infotech;Ressources Humaines;AlexanderGray@Infotech.local;333;Utilisateur
Chang;Chang Marsha;ch.marsha;Chang Marsha;Ressources Humaines;Infotech;Ressources Humaines;MarshaChang@Infotech.local;334;Utilisateur
McLean;McLean Karl;mc.karl;McLean Karl;Ressources Humaines;Infotech;Ressources Humaines;KarlMcLean@Infotech.local;335;Utilisateur
Eason;Eason Laura;ea.laura;Eason Laura;Ressources Humaines;Infotech;Ressources Humaines;LauraEason@Infotech.local;336;Utilisateur
Weeks;Weeks Melinda;we.melinda;Weeks Melinda;Ressources Humaines;Infotech;Ressources Humaines;MelindaWeeks@Infotech.local;337;Utilisateur
Siegel;Siegel Eva;si.eva;Siegel Eva;Ressources Humaines;Infotech;Ressources Humaines;EvaSiegel@Infotech.local;338;Utilisateur
Puckett;Puckett Robert;pu.robert;Puckett Robert;Ressources Humaines;Infotech;Ressources Humaines;RobertPuckett@Infotech.local;339;Utilisateur
Heath;Heath Bill;he.bill;Heath Bill;Ressources Humaines;Infotech;Ressources Humaines;BillHeath@Infotech.local;340;Utilisateur
Hoyle;Hoyle Edna;ho.edna;Hoyle Edna;Ressources Humaines;Infotech;Ressources Humaines;EdnaHoyle@Infotech.local;341;Utilisateur
Garrett;Garrett Clifford;ga.clifford;Garrett Clifford;Ressources Humaines;Infotech;Ressources Humaines;CliffordGarrett@Infotech.local;342;Utilisateur
Neal;Neal Penny;ne.penny;Neal Penny;Ressources Humaines;Infotech;Ressources Humaines;PennyNeal@Infotech.local;343;Utilisateur
Baker;Baker Glenda;ba.glenda;Baker Glenda;Ressources Humaines;Infotech;Ressources Humaines;GlendaBaker@Infotech.local;344;Utilisateur
Goldman;Goldman Arthur;go.arthur;Goldman Arthur;Ressources Humaines;Infotech;Ressources Humaines;ArthurGoldman@Infotech.local;345;Utilisateur
Shaffer;Shaffer Wesley;sh.wesley;Shaffer Wesley;Ressources Humaines;Infotech;Ressources Humaines;WesleyShaffer@Infotech.local;346;Utilisateur
Choi;Choi Allison;ch.allison;Choi Allison;Ressources Humaines;Infotech;Ressources Humaines;AllisonChoi@Infotech.local;347;Utilisateur
Carver;Carver Florence;ca.florence;Carver Florence;Ressources Humaines;Infotech;Ressources Humaines;FlorenceCarver@Infotech.local;348;Utilisateur
Shelton;Shelton Claire;sh.claire;Shelton Claire;Ressources Humaines;Infotech;Ressources Humaines;ClaireShelton@Infotech.local;349;Utilisateur
House;House Jeremy;ho.jeremy;House Jeremy;Ressources Humaines;Infotech;Ressources Humaines;JeremyHouse@Infotech.local;350;Utilisateur
Lyons;Lyons Christy;ly.christy;Lyons Christy;Ressources Humaines;Infotech;Ressources Humaines;ChristyLyons@Infotech.local;351;Utilisateur
Moser;Moser Wesley;mo.wesley;Moser Wesley;Ressources Humaines;Infotech;Ressources Humaines;WesleyMoser@Infotech.local;352;Utilisateur
Dickinson;Dickinson Lucy;di.lucy;Dickinson Lucy;Ressources Humaines;Infotech;Ressources Humaines;LucyDickinson@Infotech.local;353;Utilisateur
Abbott;Abbott Susan;ab.susan;Abbott Susan;Tech;Infotech;Tech;SusanAbbott@Infotech.local;354;Utilisateur
Hobbs;Hobbs Nancy;ho.nancy;Hobbs Nancy;Tech;Infotech;Tech;NancyHobbs@Infotech.local;355;Utilisateur
Dodson;Dodson Monica;do.monica;Dodson Monica;Tech;Infotech;Tech;MonicaDodson@Infotech.local;356;Utilisateur
Spencer;Spencer Justin;sp.justin;Spencer Justin;Tech;Infotech;Tech;JustinSpencer@Infotech.local;357;Utilisateur
Burgess;Burgess Margaret;bu.margaret;Burgess Margaret;Tech;Infotech;Tech;MargaretBurgess@Infotech.local;358;Utilisateur
Liu;Liu Philip;li.philip;Liu Philip;Tech;Infotech;Tech;PhilipLiu@Infotech.local;359;Utilisateur
Wong;Wong Miriam;wo.miriam;Wong Miriam;Tech;Infotech;Tech;MiriamWong@Infotech.local;360;Utilisateur
Blackburn;Blackburn Miriam;bl.miriam;Blackburn Miriam;Tech;Infotech;Tech;MiriamBlackburn@Infotech.local;361;Utilisateur
McKay;McKay Christopher;mc.christopher;McKay Christopher;Tech;Infotech;Tech;ChristopherMcKay@Infotech.local;362;Utilisateur
Middleton;Middleton Joanna;mi.joanna;Middleton Joanna;Tech;Infotech;Tech;JoannaMiddleton@Infotech.local;363;Utilisateur
Frazier;Frazier Stacy;fr.stacy;Frazier Stacy;Tech;Infotech;Tech;StacyFrazier@Infotech.local;364;Utilisateur
Reid;Reid Janice;re.janice;Reid Janice;Tech;Infotech;Tech;JaniceReid@Infotech.local;365;Utilisateur
Braswell;Braswell Brian;br.brian;Braswell Brian;Tech;Infotech;Tech;BrianBraswell@Infotech.local;366;Utilisateur
Steele;Steele Juan;st.juan;Steele Juan;Tech;Infotech;Tech;JuanSteele@Infotech.local;367;Utilisateur
Donovan;Donovan Leroy;do.leroy;Donovan Leroy;Tech;Infotech;Tech;LeroyDonovan@Infotech.local;368;Utilisateur
Barrett;Barrett Tommy;ba.tommy;Barrett Tommy;Tech;Infotech;Tech;TommyBarrett@Infotech.local;369;Utilisateur
Nance;Nance Alice;na.alice;Nance Alice;Tech;Infotech;Tech;AliceNance@Infotech.local;370;Utilisateur
Washington;Washington Adam;wa.adam;Washington Adam;Tech;Infotech;Tech;AdamWashington@Infotech.local;371;Utilisateur
Rogers;Rogers Larry;ro.larry;Rogers Larry;Tech;Infotech;Tech;LarryRogers@Infotech.local;372;Utilisateur
McMahon;McMahon Angela;mc.angela;McMahon Angela;Tech;Infotech;Tech;AngelaMcMahon@Infotech.local;373;Utilisateur
Miles;Miles Lawrence;mi.lawrence;Miles Lawrence;Tech;Infotech;Tech;LawrenceMiles@Infotech.local;374;Utilisateur
Kramer;Kramer Glen;kr.glen;Kramer Glen;Tech;Infotech;Tech;GlenKramer@Infotech.local;375;Utilisateur
Jennings;Jennings Valerie;je.valerie;Jennings Valerie;Tech;Infotech;Tech;ValerieJennings@Infotech.local;376;Utilisateur
Bowles;Bowles Meredith;bo.meredith;Bowles Meredith;Tech;Infotech;Tech;MeredithBowles@Infotech.local;377;Utilisateur
Brown;Brown Jan;br.jan;Brown Jan;Tech;Infotech;Tech;JanBrown@Infotech.local;378;Utilisateur
Bolton;Bolton Lillian;bo.lillian;Bolton Lillian;Tech;Infotech;Tech;LillianBolton@Infotech.local;379;Utilisateur
Craven;Craven Allen;cr.allen;Craven Allen;Tech;Infotech;Tech;AllenCraven@Infotech.local;380;Utilisateur
Hendrix;Hendrix Ashley;he.ashley;Hendrix Ashley;Tech;Infotech;Tech;AshleyHendrix@Infotech.local;381;Utilisateur
Nichols;Nichols Ian;ni.ian;Nichols Ian;Tech;Infotech;Tech;IanNichols@Infotech.local;382;Utilisateur
Saunders;Saunders Gina;sa.gina;Saunders Gina;Tech;Infotech;Tech;GinaSaunders@Infotech.local;383;Utilisateur
Lehman;Lehman Donna;le.donna;Lehman Donna;Tech;Infotech;Tech;DonnaLehman@Infotech.local;384;Utilisateur
Sherrill;Sherrill Catherine;sh.catherine;Sherrill Catherine;Tech;Infotech;Tech;CatherineSherrill@Infotech.local;385;Utilisateur
Cash;Cash Lester;ca.lester;Cash Lester;Tech;Infotech;Tech;LesterCash@Infotech.local;386;Utilisateur
Pittman;Pittman Jacob;pi.jacob;Pittman Jacob;Tech;Infotech;Tech;JacobPittman@Infotech.local;387;Utilisateur
Sullivan;Sullivan Nancy;su.nancy;Sullivan Nancy;Tech;Infotech;Tech;NancySullivan@Infotech.local;388;Utilisateur
Whitehead;Whitehead Gail;wh.gail;Whitehead Gail;Tech;Infotech;Tech;GailWhitehead@Infotech.local;389;Utilisateur
Mack;Mack Lloyd;ma.lloyd;Mack Lloyd;Tech;Infotech;Tech;LloydMack@Infotech.local;390;Utilisateur
Rice;Rice Donna;ri.donna;Rice Donna;Tech;Infotech;Tech;DonnaRice@Infotech.local;391;Utilisateur
Ayers;Ayers Kay;ay.kay;Ayers Kay;Tech;Infotech;Tech;KayAyers@Infotech.local;392;Utilisateur
Cherry;Cherry Wendy;ch.wendy;Cherry Wendy;Tech;Infotech;Tech;WendyCherry@Infotech.local;393;Utilisateur
Richmond;Richmond Lucille;ri.lucille;Richmond Lucille;Tech;Infotech;Tech;LucilleRichmond@Infotech.local;394;Utilisateur
York;York Virginia;yo.virginia;York Virginia;Tech;Infotech;Tech;VirginiaYork@Infotech.local;395;Utilisateur
Wiley;Wiley Bruce;wi.bruce;Wiley Bruce;Tech;Infotech;Tech;BruceWiley@Infotech.local;396;Utilisateur
Harrington;Harrington Marc;ha.marc;Harrington Marc;Tech;Infotech;Tech;MarcHarrington@Infotech.local;397;Utilisateur
Reed;Reed Geoffrey;re.geoffrey;Reed Geoffrey;Tech;Infotech;Tech;GeoffreyReed@Infotech.local;398;Utilisateur
Nash;Nash Tiffany;na.tiffany;Nash Tiffany;Tech;Infotech;Tech;TiffanyNash@Infotech.local;399;Utilisateur
Cowan;Cowan Kristina;co.kristina;Cowan Kristina;Tech;Infotech;Tech;KristinaCowan@Infotech.local;400;Utilisateur
Golden;Golden Paige;go.paige;Golden Paige;Tech;Infotech;Tech;PaigeGolden@Infotech.local;401;Utilisateur
Bowling;Bowling Sherri;bo.sherri;Bowling Sherri;Tech;Infotech;Tech;SherriBowling@Infotech.local;402;Utilisateur
Beasley;Beasley Gretchen;be.gretchen;Beasley Gretchen;Tech;Infotech;Tech;GretchenBeasley@Infotech.local;403;Utilisateur
Clapp;Clapp Karen;cl.karen;Clapp Karen;Tech;Infotech;Tech;KarenClapp@Infotech.local;404;Utilisateur
Abrams;Abrams Patrick;ab.patrick;Abrams Patrick;Tech;Infotech;Tech;PatrickAbrams@Infotech.local;405;Utilisateur
Tilley;Tilley Elsie;ti.elsie;Tilley Elsie;Tech;Infotech;Tech;ElsieTilley@Infotech.local;406;Utilisateur
Morse;Morse Hazel;mo.hazel;Morse Hazel;Tech;Infotech;Tech;HazelMorse@Infotech.local;407;Utilisateur
Boykin;Boykin Malcolm;bo.malcolm;Boykin Malcolm;Tech;Infotech;Tech;MalcolmBoykin@Infotech.local;408;Utilisateur
Sumner;Sumner Dolores;su.dolores;Sumner Dolores;Tech;Infotech;Tech;DoloresSumner@Infotech.local;409;Utilisateur
Cassidy;Cassidy Francis;ca.francis;Cassidy Francis;Tech;Infotech;Tech;FrancisCassidy@Infotech.local;410;Utilisateur
Davidson;Davidson Sandy;da.sandy;Davidson Sandy;Tech;Infotech;Tech;SandyDavidson@Infotech.local;411;Utilisateur
Heath;Heath Marion;he.marion;Heath Marion;Tech;Infotech;Tech;MarionHeath@Infotech.local;412;Utilisateur
Blanchard;Blanchard Beth;bl.beth;Blanchard Beth;Tech;Infotech;Tech;BethBlanchard@Infotech.local;413;Utilisateur
McAllister;McAllister Julia;mc.julia;McAllister Julia;Tech;Infotech;Tech;JuliaMcAllister@Infotech.local;414;Utilisateur
McKenzie;McKenzie Jerome;mc.jerome;McKenzie Jerome;Tech;Infotech;Tech;JeromeMcKenzie@Infotech.local;415;Utilisateur
Byrne;Byrne Neal;by.neal;Byrne Neal;Tech;Infotech;Tech;NealByrne@Infotech.local;416;Utilisateur
Schroeder;Schroeder Jean;sc.jean;Schroeder Jean;Tech;Infotech;Tech;JeanSchroeder@Infotech.local;417;Utilisateur
Griffin;Griffin Kristine;gr.kristine;Griffin Kristine;Tech;Infotech;Tech;KristineGriffin@Infotech.local;418;Utilisateur
Gross;Gross Crystal;gr.crystal;Gross Crystal;Tech;Infotech;Tech;CrystalGross@Infotech.local;419;Utilisateur
Perkins;Perkins Alex;pe.alex;Perkins Alex;Tech;Infotech;Tech;AlexPerkins@Infotech.local;420;Utilisateur
Robertson;Robertson Eric;ro.eric;Robertson Eric;Tech;Infotech;Tech;EricRobertson@Infotech.local;421;Utilisateur
Palmer;Palmer Wesley;pa.wesley;Palmer Wesley;Tech;Infotech;Tech;WesleyPalmer@Infotech.local;422;Utilisateur
Brady;Brady Franklin;br.franklin;Brady Franklin;Tech;Infotech;Tech;FranklinBrady@Infotech.local;423;Utilisateur
Rowe;Rowe Claire;ro.claire;Rowe Claire;Tech;Infotech;Tech;ClaireRowe@Infotech.local;424;Utilisateur
Zhang;Zhang Marian;zh.marian;Zhang Marian;Tech;Infotech;Tech;MarianZhang@Infotech.local;425;Utilisateur
Hodge;Hodge Marcia;ho.marcia;Hodge Marcia;Tech;Infotech;Tech;MarciaHodge@Infotech.local;426;Utilisateur
Li;Li Dwight;li.dwight;Li Dwight;Tech;Infotech;Tech;DwightLi@Infotech.local;427;Utilisateur
Bowling;Bowling Wayne;bo.wayne;Bowling Wayne;Tech;Infotech;Tech;WayneBowling@Infotech.local;428;Utilisateur
Justice;Justice Stephanie;ju.stephanie;Justice Stephanie;Tech;Infotech;Tech;StephanieJustice@Infotech.local;429;Utilisateur
Glass;Glass Neal;gl.neal;Glass Neal;Tech;Infotech;Tech;NealGlass@Infotech.local;430;Utilisateur
Willis;Willis Gretchen;wi.gretchen;Willis Gretchen;Tech;Infotech;Tech;GretchenWillis@Infotech.local;431;Utilisateur
Hester;Hester Tim;he.tim;Hester Tim;Tech;Infotech;Tech;TimHester@Infotech.local;432;Utilisateur
Floyd;Floyd Jerome;fl.jerome;Floyd Jerome;Tech;Infotech;Tech;JeromeFloyd@Infotech.local;433;Utilisateur
Graves;Graves Shelley;gr.shelley;Graves Shelley;Tech;Infotech;Tech;ShelleyGraves@Infotech.local;434;Utilisateur
Fischer;Fischer Priscilla;fi.priscilla;Fischer Priscilla;Tech;Infotech;Tech;PriscillaFischer@Infotech.local;435;Utilisateur
Norman;Norman Elsie;no.elsie;Norman Elsie;Tech;Infotech;Tech;ElsieNorman@Infotech.local;436;Utilisateur
Chan;Chan Beth;ch.beth;Chan Beth;Tech;Infotech;Tech;BethChan@Infotech.local;437;Utilisateur
Hunt;Hunt Erica;hu.erica;Hunt Erica;Tech;Infotech;Tech;EricaHunt@Infotech.local;438;Utilisateur
Byrd;Byrd Douglas;by.douglas;Byrd Douglas;Tech;Infotech;Tech;DouglasByrd@Infotech.local;439;Utilisateur
Lane;Lane Donald;la.donald;Lane Donald;Tech;Infotech;Tech;DonaldLane@Infotech.local;440;Utilisateur
Kaplan;Kaplan Katherine;ka.katherine;Kaplan Katherine;Tech;Infotech;Tech;KatherineKaplan@Infotech.local;441;Utilisateur
Heller;Heller Paul;he.paul;Heller Paul;Tech;Infotech;Tech;PaulHeller@Infotech.local;442;Utilisateur
May;May Patricia;ma.patricia;May Patricia;Tech;Infotech;Tech;PatriciaMay@Infotech.local;443;Utilisateur
Jennings;Jennings Lois;je.lois;Jennings Lois;Tech;Infotech;Tech;LoisJennings@Infotech.local;444;Utilisateur
Hanna;Hanna Louis;ha.louis;Hanna Louis;Tech;Infotech;Tech;LouisHanna@Infotech.local;445;Utilisateur
Locklear;Locklear Christina;lo.christina;Locklear Christina;Tech;Infotech;Tech;ChristinaLocklear@Infotech.local;446;Utilisateur
Holloway;Holloway Darlene;ho.darlene;Holloway Darlene;Tech;Infotech;Tech;DarleneHolloway@Infotech.local;447;Utilisateur
Jones;Jones Harvey;jo.harvey;Jones Harvey;Tech;Infotech;Tech;HarveyJones@Infotech.local;448;Utilisateur
Glover;Glover William;gl.william;Glover William;Tech;Infotech;Tech;WilliamGlover@Infotech.local;449;Utilisateur
Vick;Vick Frederick;vi.frederick;Vick Frederick;Tech;Infotech;Tech;FrederickVick@Infotech.local;450;Utilisateur
O'Donnell;O'Donnell Shirley;o'.shirley;O'Donnell Shirley;Tech;Infotech;Tech;ShirleyO'Donnell@Infotech.local;451;Utilisateur
Goldman;Goldman Jason;go.jason;Goldman Jason;Tech;Infotech;Tech;JasonGoldman@Infotech.local;452;Utilisateur
McKenna;McKenna Judith;mc.judith;McKenna Judith;Tech;Infotech;Tech;JudithMcKenna@Infotech.local;453;Utilisateur
Starr;Starr Gretchen;st.gretchen;Starr Gretchen;Tech;Infotech;Tech;GretchenStarr@Infotech.local;454;Utilisateur
Stone;Stone Don;st.don;Stone Don;Tech;Infotech;Tech;DonStone@Infotech.local;455;Utilisateur
McClure;McClure Glenda;mc.glenda;McClure Glenda;Tech;Infotech;Tech;GlendaMcClure@Infotech.local;456;Utilisateur
Watson;Watson Scott;wa.scott;Watson Scott;Tech;Infotech;Tech;ScottWatson@Infotech.local;457;Utilisateur
Monroe;Monroe Pat;mo.pat;Monroe Pat;Tech;Infotech;Tech;PatMonroe@Infotech.local;458;Utilisateur
Abbott;Abbott Michelle;ab.michelle;Abbott Michelle;Tech;Infotech;Tech;MichelleAbbott@Infotech.local;459;Utilisateur
Singer;Singer Jessica;si.jessica;Singer Jessica;Tech;Infotech;Tech;JessicaSinger@Infotech.local;460;Utilisateur
Hall;Hall Evan;ha.evan;Hall Evan;Tech;Infotech;Tech;EvanHall@Infotech.local;461;Utilisateur
Farrell;Farrell Melinda;fa.melinda;Farrell Melinda;Tech;Infotech;Tech;MelindaFarrell@Infotech.local;462;Utilisateur
Lucas;Lucas Calvin;lu.calvin;Lucas Calvin;Tech;Infotech;Tech;CalvinLucas@Infotech.local;463;Utilisateur
Norman;Norman Eugene;no.eugene;Norman Eugene;Tech;Infotech;Tech;EugeneNorman@Infotech.local;464;Utilisateur
Atkins;Atkins Vickie;at.vickie;Atkins Vickie;Tech;Infotech;Tech;VickieAtkins@Infotech.local;465;Utilisateur
Monroe;Monroe Luis;mo.luis;Monroe Luis;Tech;Infotech;Tech;LuisMonroe@Infotech.local;466;Utilisateur
Robertson;Robertson Allan;ro.allan;Robertson Allan;Tech;Infotech;Tech;AllanRobertson@Infotech.local;467;Utilisateur
Sykes;Sykes Melanie;sy.melanie;Sykes Melanie;Tech;Infotech;Tech;MelanieSykes@Infotech.local;468;Utilisateur
Reid;Reid Marianne;re.marianne;Reid Marianne;Tech;Infotech;Tech;MarianneReid@Infotech.local;469;Utilisateur
Chandler;Chandler Natalie;ch.natalie;Chandler Natalie;Tech;Infotech;Tech;NatalieChandler@Infotech.local;470;Utilisateur
Finch;Finch Caroline;fi.caroline;Finch Caroline;Tech;Infotech;Tech;CarolineFinch@Infotech.local;471;Utilisateur
Hobbs;Hobbs Arlene;ho.arlene;Hobbs Arlene;Tech;Infotech;Tech;ArleneHobbs@Infotech.local;472;Utilisateur
Adkins;Adkins Kyle;ad.kyle;Adkins Kyle;Tech;Infotech;Tech;KyleAdkins@Infotech.local;473;Utilisateur
Kinney;Kinney Calvin;ki.calvin;Kinney Calvin;Tech;Infotech;Tech;CalvinKinney@Infotech.local;474;Utilisateur
Whitaker;Whitaker Gary;wh.gary;Whitaker Gary;Tech;Infotech;Tech;GaryWhitaker@Infotech.local;475;Utilisateur
Alexander;Alexander Samantha;al.samantha;Alexander Samantha;Tech;Infotech;Tech;SamanthaAlexander@Infotech.local;476;Utilisateur
Conner;Conner Sara;co.sara;Conner Sara;Tech;Infotech;Tech;SaraConner@Infotech.local;477;Utilisateur
Waters;Waters Stacy;wa.stacy;Waters Stacy;Tech;Infotech;Tech;StacyWaters@Infotech.local;478;Utilisateur
Becker;Becker Gladys;be.gladys;Becker Gladys;Tech;Infotech;Tech;GladysBecker@Infotech.local;479;Utilisateur
Rollins;Rollins Mike;ro.mike;Rollins Mike;Tech;Infotech;Tech;MikeRollins@Infotech.local;480;Utilisateur
Love;Love Lynne;lo.lynne;Love Lynne;Tech;Infotech;Tech;LynneLove@Infotech.local;481;Utilisateur
Adkins;Adkins Faye;ad.faye;Adkins Faye;Tech;Infotech;Tech;FayeAdkins@Infotech.local;482;Utilisateur
Black;Black Diana;bl.diana;Black Diana;Tech;Infotech;Tech;DianaBlack@Infotech.local;483;Utilisateur
Fox;Fox Leon;fo.leon;Fox Leon;Tech;Infotech;Tech;LeonFox@Infotech.local;484;Utilisateur
Hatcher;Hatcher Ethel;ha.ethel;Hatcher Ethel;Tech;Infotech;Tech;EthelHatcher@Infotech.local;485;Utilisateur
Wu;Wu Steve;wu.steve;Wu Steve;Tech;Infotech;Tech;SteveWu@Infotech.local;486;Utilisateur
Lloyd;Lloyd Alison;ll.alison;Lloyd Alison;Tech;Infotech;Tech;AlisonLloyd@Infotech.local;487;Utilisateur
Joyce;Joyce Sherri;jo.sherri;Joyce Sherri;Tech;Infotech;Tech;SherriJoyce@Infotech.local;488;Utilisateur
Welch;Welch Patsy;we.patsy;Welch Patsy;Tech;Infotech;Tech;PatsyWelch@Infotech.local;489;Utilisateur
Matthews;Matthews Kelly;ma.kelly;Matthews Kelly;Tech;Infotech;Tech;KellyMatthews@Infotech.local;490;Utilisateur
Chappell;Chappell Stacy;ch.stacy;Chappell Stacy;Tech;Infotech;Tech;StacyChappell@Infotech.local;491;Utilisateur
MacDonald;MacDonald Curtis;ma.curtis;MacDonald Curtis;Tech;Infotech;Tech;CurtisMacDonald@Infotech.local;492;Utilisateur
Kane;Kane Dana;ka.dana;Kane Dana;Tech;Infotech;Tech;DanaKane@Infotech.local;493;Utilisateur
Butler;Butler Jennifer;bu.jennifer;Butler Jennifer;Tech;Infotech;Tech;JenniferButler@Infotech.local;494;Utilisateur
Pickett;Pickett Brett;pi.brett;Pickett Brett;Tech;Infotech;Tech;BrettPickett@Infotech.local;495;Utilisateur
Bowman;Bowman Brandon;bo.brandon;Bowman Brandon;Tech;Infotech;Tech;BrandonBowman@Infotech.local;496;Utilisateur
Barton;Barton Keith;ba.keith;Barton Keith;Tech;Infotech;Tech;KeithBarton@Infotech.local;497;Utilisateur
Kennedy;Kennedy Joann;ke.joann;Kennedy Joann;Tech;Infotech;Tech;JoannKennedy@Infotech.local;498;Utilisateur
Branch;Branch Ronnie;br.ronnie;Branch Ronnie;Tech;Infotech;Tech;RonnieBranch@Infotech.local;499;Utilisateur
Thornton;Thornton Scott;th.scott;Thornton Scott;Tech;Infotech;Tech;ScottThornton@Infotech.local;500;Utilisateur
McNeill;McNeill Gene;mc.gene;McNeill Gene;Tech;Infotech;Tech;GeneMcNeill@Infotech.local;501;Utilisateur
Weinstein;Weinstein Louise;we.louise;Weinstein Louise;Tech;Infotech;Tech;LouiseWeinstein@Infotech.local;502;Utilisateur
Middleton;Middleton Geoffrey;mi.geoffrey;Middleton Geoffrey;Tech;Infotech;Tech;GeoffreyMiddleton@Infotech.local;503;Utilisateur
Moss;Moss Patricia;mo.patricia;Moss Patricia;Tech;Infotech;Tech;PatriciaMoss@Infotech.local;504;Utilisateur
Lucas;Lucas Jennifer;lu.jennifer;Lucas Jennifer;Tech;Infotech;Tech;JenniferLucas@Infotech.local;505;Utilisateur
Rich;Rich Mary;ri.mary;Rich Mary;Tech;Infotech;Tech;MaryRich@Infotech.local;506;Utilisateur
Carlton;Carlton Shawn;ca.shawn;Carlton Shawn;Tech;Infotech;Tech;ShawnCarlton@Infotech.local;507;Utilisateur
Brady;Brady Vincent;br.vincent;Brady Vincent;Tech;Infotech;Tech;VincentBrady@Infotech.local;508;Utilisateur
Schultz;Schultz Kurt;sc.kurt;Schultz Kurt;Tech;Infotech;Tech;KurtSchultz@Infotech.local;509;Utilisateur
Nichols;Nichols Danny;ni.danny;Nichols Danny;Tech;Infotech;Tech;DannyNichols@Infotech.local;510;Utilisateur
Harvey;Harvey Charlene;ha.charlene;Harvey Charlene;Tech;Infotech;Tech;CharleneHarvey@Infotech.local;511;Utilisateur
Stevenson;Stevenson Alice;st.alice;Stevenson Alice;Tech;Infotech;Tech;AliceStevenson@Infotech.local;512;Utilisateur
Houston;Houston Joan;ho.joan;Houston Joan;Tech;Infotech;Tech;JoanHouston@Infotech.local;513;Utilisateur
Dunn;Dunn Betty;du.betty;Dunn Betty;Tech;Infotech;Tech;BettyDunn@Infotech.local;514;Utilisateur
West;West Danny;we.danny;West Danny;Tech;Infotech;Tech;DannyWest@Infotech.local;515;Utilisateur
O'Brien;O'Brien Peggy;o'.peggy;O'Brien Peggy;Tech;Infotech;Tech;PeggyO'Brien@Infotech.local;516;Utilisateur
Barr;Barr Leslie;ba.leslie;Barr Leslie;Tech;Infotech;Tech;LeslieBarr@Infotech.local;517;Utilisateur
Snyder;Snyder Marshall;sn.marshall;Snyder Marshall;Tech;Infotech;Tech;MarshallSnyder@Infotech.local;518;Utilisateur
Cain;Cain Sara;ca.sara;Cain Sara;Tech;Infotech;Tech;SaraCain@Infotech.local;519;Utilisateur
Heath;Heath Martha;he.martha;Heath Martha;Tech;Infotech;Tech;MarthaHeath@Infotech.local;520;Utilisateur
Boswell;Boswell Jack;bo.jack;Boswell Jack;Tech;Infotech;Tech;JackBoswell@Infotech.local;521;Utilisateur
Olsen;Olsen Gayle;ol.gayle;Olsen Gayle;Tech;Infotech;Tech;GayleOlsen@Infotech.local;522;Utilisateur
Pittman;Pittman Benjamin;pi.benjamin;Pittman Benjamin;Tech;Infotech;Tech;BenjaminPittman@Infotech.local;523;Utilisateur
Weiner;Weiner Roberta;we.roberta;Weiner Roberta;Tech;Infotech;Tech;RobertaWeiner@Infotech.local;524;Utilisateur
Petersen;Petersen Patricia;pe.patricia;Petersen Patricia;Tech;Infotech;Tech;PatriciaPetersen@Infotech.local;525;Utilisateur
Davis;Davis Clifford;da.clifford;Davis Clifford;Tech;Infotech;Tech;CliffordDavis@Infotech.local;526;Utilisateur
Coleman;Coleman Joanne;co.joanne;Coleman Joanne;Tech;Infotech;Tech;JoanneColeman@Infotech.local;527;Utilisateur
Terrell;Terrell Martin;te.martin;Terrell Martin;Tech;Infotech;Tech;MartinTerrell@Infotech.local;528;Utilisateur
Norman;Norman Toni;no.toni;Norman Toni;Tech;Infotech;Tech;ToniNorman@Infotech.local;529;Utilisateur
Burch;Burch Beth;bu.beth;Burch Beth;Tech;Infotech;Tech;BethBurch@Infotech.local;530;Utilisateur
Weiner;Weiner Jessica;we.jessica;Weiner Jessica;Tech;Infotech;Tech;JessicaWeiner@Infotech.local;531;Utilisateur
Parrott;Parrott Samantha;pa.samantha;Parrott Samantha;Tech;Infotech;Tech;SamanthaParrott@Infotech.local;532;Utilisateur
Henry;Henry Jimmy;he.jimmy;Henry Jimmy;Tech;Infotech;Tech;JimmyHenry@Infotech.local;533;Utilisateur
Gray;Gray Vincent;gr.vincent;Gray Vincent;Tech;Infotech;Tech;VincentGray@Infotech.local;534;Utilisateur
Chang;Chang Dianne;ch.dianne;Chang Dianne;Tech;Infotech;Tech;DianneChang@Infotech.local;535;Utilisateur
McLean;McLean Rhonda;mc.rhonda;McLean Rhonda;Tech;Infotech;Tech;RhondaMcLean@Infotech.local;536;Utilisateur
Eason;Eason Tamara;ea.tamara;Eason Tamara;Tech;Infotech;Tech;TamaraEason@Infotech.local;537;Utilisateur
Weeks;Weeks Mary;we.mary;Weeks Mary;Tech;Infotech;Tech;MaryWeeks@Infotech.local;538;Utilisateur
Siegel;Siegel Sidney;si.sidney;Siegel Sidney;Tech;Infotech;Tech;SidneySiegel@Infotech.local;539;Utilisateur
Puckett;Puckett Jeff;pu.jeff;Puckett Jeff;Tech;Infotech;Tech;JeffPuckett@Infotech.local;540;Utilisateur
Heath;Heath Sandra;he.sandra;Heath Sandra;Tech;Infotech;Tech;SandraHeath@Infotech.local;541;Utilisateur
Hoyle;Hoyle Katie;ho.katie;Hoyle Katie;Tech;Infotech;Tech;KatieHoyle@Infotech.local;542;Utilisateur
Garrett;Garrett Raymond;ga.raymond;Garrett Raymond;Tech;Infotech;Tech;RaymondGarrett@Infotech.local;543;Utilisateur
Neal;Neal Roger;ne.roger;Neal Roger;Tech;Infotech;Tech;RogerNeal@Infotech.local;544;Utilisateur
Baker;Baker Natalie;ba.natalie;Baker Natalie;Tech;Infotech;Tech;NatalieBaker@Infotech.local;545;Utilisateur
Goldman;Goldman Kathy;go.kathy;Goldman Kathy;Tech;Infotech;Tech;KathyGoldman@Infotech.local;546;Utilisateur
Shaffer;Shaffer Troy;sh.troy;Shaffer Troy;Tech;Infotech;Tech;TroyShaffer@Infotech.local;547;Utilisateur
Choi;Choi Neal;ch.neal;Choi Neal;Tech;Infotech;Tech;NealChoi@Infotech.local;548;Utilisateur
Carver;Carver Martin;ca.martin;Carver Martin;Tech;Infotech;Tech;MartinCarver@Infotech.local;549;Utilisateur
Shelton;Shelton Jack;sh.jack;Shelton Jack;Tech;Infotech;Tech;JackShelton@Infotech.local;550;Utilisateur
House;House Vincent;ho.vincent;House Vincent;Tech;Infotech;Tech;VincentHouse@Infotech.local;551;Utilisateur
Lyons;Lyons Beth;ly.beth;Lyons Beth;Tech;Infotech;Tech;BethLyons@Infotech.local;552;Utilisateur
Moser;Moser Milton;mo.milton;Moser Milton;Tech;Infotech;Tech;MiltonMoser@Infotech.local;553;Utilisateur
Dickinson;Dickinson Tamara;di.tamara;Dickinson Tamara;Tech;Infotech;Tech;TamaraDickinson@Infotech.local;554;Utilisateur
Abbott;Abbott Mitchell;ab.mitchell;Abbott Mitchell;Tech;Infotech;Tech;MitchellAbbott@Infotech.local;555;Utilisateur
Hobbs;Hobbs Franklin;ho.franklin;Hobbs Franklin;Tech;Infotech;Tech;FranklinHobbs@Infotech.local;556;Utilisateur
Dodson;Dodson Leroy;do.leroy;Dodson Leroy;Tech;Infotech;Tech;LeroyDodson@Infotech.local;557;Utilisateur
Spencer;Spencer Glen;sp.glen;Spencer Glen;Tech;Infotech;Tech;GlenSpencer@Infotech.local;558;Utilisateur
Burgess;Burgess Judith;bu.judith;Burgess Judith;Tech;Infotech;Tech;JudithBurgess@Infotech.local;559;Utilisateur
Liu;Liu Alice;li.alice;Liu Alice;Tech;Infotech;Tech;AliceLiu@Infotech.local;560;Utilisateur
Wong;Wong Bruce;wo.bruce;Wong Bruce;Tech;Infotech;Tech;BruceWong@Infotech.local;561;Utilisateur
Blackburn;Blackburn Kathleen;bl.kathleen;Blackburn Kathleen;Tech;Infotech;Tech;KathleenBlackburn@Infotech.local;562;Utilisateur
McKay;McKay Amy;mc.amy;McKay Amy;Tech;Infotech;Tech;AmyMcKay@Infotech.local;563;Utilisateur
Middleton;Middleton Ronnie;mi.ronnie;Middleton Ronnie;Tech;Infotech;Tech;RonnieMiddleton@Infotech.local;564;Utilisateur
Frazier;Frazier Martha;fr.martha;Frazier Martha;Tech;Infotech;Tech;MarthaFrazier@Infotech.local;565;Utilisateur
Reid;Reid Lynn;re.lynn;Reid Lynn;Tech;Infotech;Tech;LynnReid@Infotech.local;566;Utilisateur
Braswell;Braswell Jose;br.jose;Braswell Jose;Tech;Infotech;Tech;JoseBraswell@Infotech.local;567;Utilisateur
Steele;Steele Robert;st.robert;Steele Robert;Tech;Infotech;Tech;RobertSteele@Infotech.local;568;Utilisateur
Donovan;Donovan Pauline;do.pauline;Donovan Pauline;Tech;Infotech;Tech;PaulineDonovan@Infotech.local;569;Utilisateur
Barrett;Barrett Stephen;ba.stephen;Barrett Stephen;Tech;Infotech;Tech;StephenBarrett@Infotech.local;570;Utilisateur
Nance;Nance Peggy;na.peggy;Nance Peggy;Tech;Infotech;Tech;PeggyNance@Infotech.local;571;Utilisateur
Washington;Washington Donna;wa.donna;Washington Donna;Tech;Infotech;Tech;DonnaWashington@Infotech.local;572;Utilisateur
Rogers;Rogers Doris;ro.doris;Rogers Doris;Tech;Infotech;Tech;DorisRogers@Infotech.local;573;Utilisateur
McMahon;McMahon Ben;mc.ben;McMahon Ben;Tech;Infotech;Tech;BenMcMahon@Infotech.local;574;Utilisateur
Miles;Miles Kristin;mi.kristin;Miles Kristin;Tech;Infotech;Tech;KristinMiles@Infotech.local;575;Utilisateur
Kramer;Kramer Ryan;kr.ryan;Kramer Ryan;Tech;Infotech;Tech;RyanKramer@Infotech.local;576;Utilisateur
Jennings;Jennings Tracey;je.tracey;Jennings Tracey;Tech;Infotech;Tech;TraceyJennings@Infotech.local;577;Utilisateur
Bowles;Bowles Mark;bo.mark;Bowles Mark;Tech;Infotech;Tech;MarkBowles@Infotech.local;578;Utilisateur
Brown;Brown Louis;br.louis;Brown Louis;Tech;Infotech;Tech;LouisBrown@Infotech.local;579;Utilisateur
Bolton;Bolton Janet;bo.janet;Bolton Janet;Tech;Infotech;Tech;JanetBolton@Infotech.local;580;Utilisateur
Craven;Craven Leo;cr.leo;Craven Leo;Tech;Infotech;Tech;LeoCraven@Infotech.local;581;Utilisateur
Hendrix;Hendrix Constance;he.constance;Hendrix Constance;Tech;Infotech;Tech;ConstanceHendrix@Infotech.local;582;Utilisateur
Nichols;Nichols Sarah;ni.sarah;Nichols Sarah;Tech;Infotech;Tech;SarahNichols@Infotech.local;583;Utilisateur
Saunders;Saunders Gladys;sa.gladys;Saunders Gladys;Tech;Infotech;Tech;GladysSaunders@Infotech.local;584;Utilisateur
Lehman;Lehman Hazel;le.hazel;Lehman Hazel;Tech;Infotech;Tech;HazelLehman@Infotech.local;585;Utilisateur
Sherrill;Sherrill Hazel;sh.hazel;Sherrill Hazel;Tech;Infotech;Tech;HazelSherrill@Infotech.local;586;Utilisateur
Cash;Cash Jerome;ca.jerome;Cash Jerome;Tech;Infotech;Tech;JeromeCash@Infotech.local;587;Utilisateur
Pittman;Pittman Vincent;pi.vincent;Pittman Vincent;Tech;Infotech;Tech;VincentPittman@Infotech.local;588;Utilisateur
Sullivan;Sullivan Kim;su.kim;Sullivan Kim;Tech;Infotech;Tech;KimSullivan@Infotech.local;589;Utilisateur
Whitehead;Whitehead Joseph;wh.joseph;Whitehead Joseph;Tech;Infotech;Tech;JosephWhitehead@Infotech.local;590;Utilisateur
Mack;Mack Alison;ma.alison;Mack Alison;Tech;Infotech;Tech;AlisonMack@Infotech.local;591;Utilisateur
Rice;Rice Eric;ri.eric;Rice Eric;Tech;Infotech;Tech;EricRice@Infotech.local;592;Utilisateur
Ayers;Ayers Heather;ay.heather;Ayers Heather;Tech;Infotech;Tech;HeatherAyers@Infotech.local;593;Utilisateur
Cherry;Cherry Claire;ch.claire;Cherry Claire;Tech;Infotech;Tech;ClaireCherry@Infotech.local;594;Utilisateur
Richmond;Richmond Michele;ri.michele;Richmond Michele;Tech;Infotech;Tech;MicheleRichmond@Infotech.local;595;Utilisateur
York;York Terry;yo.terry;York Terry;Tech;Infotech;Tech;TerryYork@Infotech.local;596;Utilisateur
Wiley;Wiley Ken;wi.ken;Wiley Ken;Tech;Infotech;Tech;KenWiley@Infotech.local;597;Utilisateur
Harrington;Harrington Judy;ha.judy;Harrington Judy;Tech;Infotech;Tech;JudyHarrington@Infotech.local;598;Utilisateur
Reed;Reed Clyde;re.clyde;Reed Clyde;Tech;Infotech;Tech;ClydeReed@Infotech.local;599;Utilisateur
